<DocumentElement>
  <SchemaTable>
    <ColumnName>lesrlA_reason_id</ColumnName>
    <ColumnOrdinal>0</ColumnOrdinal>
    <ColumnSize>4</ColumnSize>
    <NumericPrecision>10</NumericPrecision>
    <NumericScale>255</NumericScale>
    <IsUnique>false</IsUnique>
    <BaseColumnName>lesrlA_reason_id</BaseColumnName>
    <DataType>System.Int32, mscorlib, Version=4.0.0.0, Culture=neutral, PublicKeyToken=b77a5c561934e089</DataType>
    <AllowDBNull>false</AllowDBNull>
    <ProviderType>8</ProviderType>
    <IsIdentity>false</IsIdentity>
    <IsAutoIncrement>false</IsAutoIncrement>
    <IsRowVersion>false</IsRowVersion>
    <IsLong>false</IsLong>
    <ProviderSpecificDataType>System.Data.SqlTypes.SqlInt32, System.Data, Version=4.0.0.0, Culture=neutral, PublicKeyToken=b77a5c561934e089</ProviderSpecificDataType>
    <DataTypeName>int</DataTypeName>
    <NonVersionedProviderType>8</NonVersionedProviderType>
  </SchemaTable>
  <SchemaTable>
    <ColumnName>lesrlA_reason</ColumnName>
    <ColumnOrdinal>1</ColumnOrdinal>
    <ColumnSize>200</ColumnSize>
    <NumericPrecision>255</NumericPrecision>
    <NumericScale>255</NumericScale>
    <IsUnique>false</IsUnique>
    <BaseColumnName>lesrlA_reason</BaseColumnName>
    <DataType>System.String, mscorlib, Version=4.0.0.0, Culture=neutral, PublicKeyToken=b77a5c561934e089</DataType>
    <AllowDBNull>false</AllowDBNull>
    <ProviderType>12</ProviderType>
    <IsIdentity>false</IsIdentity>
    <IsAutoIncrement>false</IsAutoIncrement>
    <IsRowVersion>false</IsRowVersion>
    <IsLong>false</IsLong>
    <ProviderSpecificDataType>System.Data.SqlTypes.SqlString, System.Data, Version=4.0.0.0, Culture=neutral, PublicKeyToken=b77a5c561934e089</ProviderSpecificDataType>
    <DataTypeName>nvarchar</DataTypeName>
    <NonVersionedProviderType>12</NonVersionedProviderType>
  </SchemaTable>
  <SchemaTable>
    <ColumnName>lesrlA_culture_id</ColumnName>
    <ColumnOrdinal>2</ColumnOrdinal>
    <ColumnSize>4</ColumnSize>
    <NumericPrecision>10</NumericPrecision>
    <NumericScale>255</NumericScale>
    <IsUnique>false</IsUnique>
    <BaseColumnName>lesrlA_culture_id</BaseColumnName>
    <DataType>System.Int32, mscorlib, Version=4.0.0.0, Culture=neutral, PublicKeyToken=b77a5c561934e089</DataType>
    <AllowDBNull>false</AllowDBNull>
    <ProviderType>8</ProviderType>
    <IsIdentity>false</IsIdentity>
    <IsAutoIncrement>false</IsAutoIncrement>
    <IsRowVersion>false</IsRowVersion>
    <IsLong>false</IsLong>
    <ProviderSpecificDataType>System.Data.SqlTypes.SqlInt32, System.Data, Version=4.0.0.0, Culture=neutral, PublicKeyToken=b77a5c561934e089</ProviderSpecificDataType>
    <DataTypeName>int</DataTypeName>
    <NonVersionedProviderType>8</NonVersionedProviderType>
  </SchemaTable>
</DocumentElement>